,R,F,M,RFM_Score,Segment
0,741,25,2210000,411,Hibernating
1,1661,0,0,211,Hibernating
2,936,2,520000,411,Hibernating
3,1414,0,200000,311,About to Sleep
4,2092,0,100000,111,Lost
5,180,72,5390000,512,New Customers
6,51,0,1435000,511,New Customers
7,16,470,2470000,531,Potential Loyalists
8,187,0,0,511,New Customers
9,68,0,1148000,511,New Customers
10,2240,13,175000,111,Lost
11,167,40,6645000,512,New Customers
12,765,19,828000,411,Hibernating
13,191,63,1384000,511,New Customers
14,1,1521,1685000,551,Champions
15,588,6,5260000,412,Hibernating
16,8,9,28141500,513,New Customers
17,2011,0,0,211,Hibernating
18,156,1165,1685000,541,Loyal Customers
19,681,21,0,411,Hibernating
20,1392,24,450000,311,About to Sleep
21,45,321,2220000,521,Potential Loyalists
22,68,70,7700000,512,New Customers
23,603,323,26700,421,Potential Loyalists
24,486,45,3841000,512,New Customers
25,1085,147,292000,321,About to Sleep
26,1935,0,120000,211,Hibernating
27,10,39,499000,511,New Customers
28,1421,0,0,311,About to Sleep
29,57,10,15135000,513,New Customers
30,1048,35,624000,311,About to Sleep
31,926,4,1850000,411,Hibernating
32,198,20,12111000,512,New Customers
33,1209,0,420000,311,About to Sleep
34,1328,0,416000,311,About to Sleep
35,1896,0,120000,211,Hibernating
36,783,127,1036000,421,Potential Loyalists
37,1829,0,0,211,Hibernating
38,779,0,288000,411,Hibernating
39,1307,10,840000,311,About to Sleep
40,884,216,1170000,421,Potential Loyalists
41,1064,0,260000,311,About to Sleep
42,1466,0,250000,311,About to Sleep
43,1326,0,290000,311,About to Sleep
44,688,339,1630000,421,Potential Loyalists
45,1885,360,250000,231,At Risk
46,447,0,795000,511,New Customers
47,1268,0,420000,311,About to Sleep
48,911,0,288000,411,Hibernating
49,1,34,18905500,513,New Customers
50,905,17,1840000,411,Hibernating
51,1225,0,130330000,315,About to Sleep
52,863,0,100000,411,Hibernating
53,1272,0,290000,311,About to Sleep
54,114,151,2627000,521,Potential Loyalists
55,183,0,1075500,511,New Customers
56,1242,0,192000,311,About to Sleep
57,994,7,2231000,411,Hibernating
58,128,29,2369000,511,New Customers
59,240,0,1195000,511,New Customers
60,6,3,49338000,514,New Customers
61,1222,0,160000,311,About to Sleep
62,728,0,1680000,411,Hibernating
63,1136,0,221000,311,About to Sleep
64,855,0,360000,411,Hibernating
65,1482,0,200000,311,About to Sleep
66,33,113,2547000,511,New Customers
67,351,226,1990000,521,Potential Loyalists
68,1980,0,436000,211,Hibernating
69,1115,0,331500,311,About to Sleep
70,827,139,2021000,421,Potential Loyalists
71,2316,0,2185000,111,Lost
72,163,166,3210500,521,Potential Loyalists
73,37,11,22339000,513,New Customers
74,1779,0,120000,211,Hibernating
75,1421,0,400000,311,About to Sleep
76,121,486,3020000,531,Potential Loyalists
77,1998,0,100000,211,Hibernating
78,814,27,2600000,411,Hibernating
79,933,0,460000,411,Hibernating
80,170,24,5426000,512,New Customers
81,302,107,2591000,511,New Customers
82,1421,0,180000,311,About to Sleep
83,53,10,3175000,511,New Customers
84,341,125,5498000,522,Potential Loyalists
85,1906,0,96000,211,Hibernating
86,1077,236,350000,321,About to Sleep
87,81,0,1195000,511,New Customers
88,815,0,360000,411,Hibernating
89,1834,3,216000,211,Hibernating
90,1311,0,232000,311,About to Sleep
91,503,6,8535500,412,Hibernating
92,1889,180,340000,221,At Risk
93,1395,21,360000,311,About to Sleep
94,1406,0,200000,311,About to Sleep
95,138,206,3625000,521,Potential Loyalists
96,465,280,1546000,521,Potential Loyalists
97,633,285,1155000,421,Potential Loyalists
98,1342,0,420000,311,About to Sleep
99,331,231,2160500,521,Potential Loyalists
100,68,33,4235500,512,New Customers
101,1276,0,192000,311,About to Sleep
102,884,35,996000,411,Hibernating
103,1172,0,494000,311,About to Sleep
104,128,1816,1268000,551,Champions
105,1581,0,180000,211,Hibernating
106,1110,0,221000,311,About to Sleep
107,218,70,6830500,512,New Customers
108,325,109,4830500,512,New Customers
109,1270,0,240000,311,About to Sleep
110,1326,0,480000,311,About to Sleep
111,208,45,3960500,512,New Customers
112,107,26,9967000,512,New Customers
113,1072,0,1690000,311,About to Sleep
114,1388,3,400000,311,About to Sleep
115,1229,0,144000,311,About to Sleep
116,332,213,2627500,521,Potential Loyalists
117,1404,0,1020000,311,About to Sleep
118,529,27,3235000,411,Hibernating
119,2213,0,75000,111,Lost
120,916,0,270000,411,Hibernating
121,735,9,990000,411,Hibernating
122,621,192,1185000,421,Potential Loyalists
123,1,12,31810000,513,New Customers
124,317,72,3316000,511,New Customers
125,529,0,1390000,411,Hibernating
126,1092,56,1040000,311,About to Sleep
127,770,0,288000,411,Hibernating
128,610,0,1053000,411,Hibernating
129,1006,289,922000,421,Potential Loyalists
130,1407,0,200000,311,About to Sleep
131,1683,108,350000,211,Hibernating
132,922,0,288000,411,Hibernating
133,104,6,4700000,512,New Customers
134,475,249,1928000,521,Potential Loyalists
135,513,0,835000,411,Hibernating
136,1057,0,221000,311,About to Sleep
137,18,90,11887000,512,New Customers
138,1228,766,390000,341,Need Attention
139,1168,0,204000,311,About to Sleep
140,61,9,24859500,513,New Customers
141,1582,42,425000,211,Hibernating
142,1276,162,980000,321,About to Sleep
143,884,19,960000,411,Hibernating
144,1521,0,200000,311,About to Sleep
145,566,165,1190000,421,Potential Loyalists
146,30,27,10818500,512,New Customers
147,321,50,2585000,511,New Customers
148,190,369,2530000,531,Potential Loyalists
149,139,202,4581000,522,Potential Loyalists
150,752,99,936000,411,Hibernating
151,46,1162,1495500,541,Loyal Customers
152,1740,0,120000,211,Hibernating
153,6,720,3110000,541,Loyal Customers
154,669,0,495000,411,Hibernating
155,333,219,2225000,521,Potential Loyalists
156,1047,0,221000,311,About to Sleep
157,232,557,1705500,531,Potential Loyalists
158,743,72,760000,411,Hibernating
159,589,6,2080000,411,Hibernating
160,1159,0,442000,311,About to Sleep
161,1059,0,520000,311,About to Sleep
162,772,0,360000,411,Hibernating
163,845,384,180000,431,Potential Loyalists
164,322,120,5553000,522,Potential Loyalists
165,1447,0,180000,311,About to Sleep
166,1041,5,100000,311,About to Sleep
167,669,0,595000,411,Hibernating
168,550,717,787000,441,Loyal Customers
169,1748,0,96000,211,Hibernating
170,1582,40,774000,211,Hibernating
171,1011,75,866500,411,Hibernating
172,1324,119,470000,321,About to Sleep
173,242,415,1733000,531,Potential Loyalists
174,1070,526,80000,331,Need Attention
175,1086,132,60000,321,About to Sleep
176,11,42,8560000,512,New Customers
177,886,0,345000,411,Hibernating
178,359,0,1980000,511,New Customers
179,92,0,1075500,511,New Customers
180,186,344,3331000,521,Potential Loyalists
181,1444,0,400000,311,About to Sleep
182,36,0,1195000,511,New Customers
183,1034,238,960000,321,About to Sleep
184,1822,0,80000,211,Hibernating
185,1411,0,324000,311,About to Sleep
186,1088,0,0,311,About to Sleep
187,142,6,29465500,513,New Customers
188,1446,0,200000,311,About to Sleep
189,2034,0,80000,111,Lost
190,58,1,3030000,511,New Customers
191,880,0,195000,411,Hibernating
192,931,0,460000,411,Hibernating
193,517,13,3551500,411,Hibernating
194,1616,17,500000,211,Hibernating
195,1130,0,331500,311,About to Sleep
196,86,0,1250100,511,New Customers
197,21,0,1435000,511,New Customers
198,5,148,2155000,521,Potential Loyalists
199,1383,0,200000,311,About to Sleep
200,1292,102,340000,311,About to Sleep
201,99,47,15153000,513,New Customers
202,777,13,1150000,411,Hibernating
203,27,1,7940000,512,New Customers
204,396,36,8598000,512,New Customers
205,752,0,501500,411,Hibernating
206,505,64,1925000,411,Hibernating
207,1095,292,340000,321,About to Sleep
208,1369,2,1080000,311,About to Sleep
209,2258,0,100000,111,Lost
210,139,0,1195000,511,New Customers
211,448,43,2672750,511,New Customers
212,1121,0,220000,311,About to Sleep
213,423,10,5545000,512,New Customers
214,73,8,44747500,514,New Customers
215,1181,0,204000,311,About to Sleep
216,1028,0,306000,411,Hibernating
217,1275,0,192000,311,About to Sleep
218,871,29,805000,411,Hibernating
219,1552,0,180000,211,Hibernating
220,833,329,1170000,421,Potential Loyalists
221,351,304,1715000,521,Potential Loyalists
222,903,0,360000,411,Hibernating
223,876,0,560000,411,Hibernating
224,832,0,345000,411,Hibernating
225,1202,5,2130000,311,About to Sleep
226,537,10,3585000,411,Hibernating
227,882,18,345000,411,Hibernating
228,1908,0,120000,211,Hibernating
229,1313,0,240000,311,About to Sleep
230,586,1,1190000,411,Hibernating
231,144,0,1195000,511,New Customers
232,1323,0,232000,311,About to Sleep
233,746,0,335750,411,Hibernating
234,1747,0,150000,211,Hibernating
235,2153,0,75000,111,Lost
236,1170,92,984000,311,About to Sleep
237,434,433,2012000,531,Potential Loyalists
238,1999,0,100000,211,Hibernating
239,745,3,4965000,412,Hibernating
240,2265,19,225000,111,Lost
241,907,0,460000,411,Hibernating
242,83,757,1875000,541,Loyal Customers
243,30,19,14420000,513,New Customers
244,19,14,32037500,513,New Customers
245,1030,0,391000,411,Hibernating
246,295,50,3100000,511,New Customers
247,1410,0,200000,311,About to Sleep
248,1416,3,900000,311,About to Sleep
249,884,0,360000,411,Hibernating
250,503,0,595000,411,Hibernating
251,1174,0,520000,311,About to Sleep
252,90,229,3225000,521,Potential Loyalists
253,913,1,2100000,411,Hibernating
254,643,0,635000,411,Hibernating
255,22,46,7255000,512,New Customers
256,855,132,2704000,421,Potential Loyalists
257,653,17,3670000,411,Hibernating
258,613,289,1171500,421,Potential Loyalists
259,1132,66,1300000,311,About to Sleep
260,985,46,671000,411,Hibernating
261,9,77,4989500,512,New Customers
262,403,0,712000,511,New Customers
263,352,16,2285000,511,New Customers
264,1381,0,160000,311,About to Sleep
265,1374,0,200000,311,About to Sleep
266,1250,0,290000,311,About to Sleep
267,1853,0,120000,211,Hibernating
268,1383,0,368000,311,About to Sleep
269,303,490,1355000,531,Potential Loyalists
270,257,1,2482000,511,New Customers
271,27,5,2390000,511,New Customers
272,923,0,420000,411,Hibernating
273,1310,0,240000,311,About to Sleep
274,50,3,49931000,514,New Customers
275,650,0,635000,411,Hibernating
276,434,0,715500,511,New Customers
277,748,0,660000,411,Hibernating
278,786,0,360000,411,Hibernating
279,1949,3,150000,211,Hibernating
280,181,0,1195000,511,New Customers
281,1195,0,204000,311,About to Sleep
282,635,72,1385000,411,Hibernating
283,1106,0,260000,311,About to Sleep
284,776,480,692000,431,Potential Loyalists
285,32,24,18316000,513,New Customers
286,440,44,6382000,512,New Customers
287,1663,14,450000,211,Hibernating
288,1432,0,450000,311,About to Sleep
289,2023,0,150000,211,Hibernating
290,1516,0,250000,311,About to Sleep
291,858,225,1090000,421,Potential Loyalists
292,19,0,1195000,511,New Customers
293,932,0,460000,411,Hibernating
294,796,0,260000,411,Hibernating
295,931,0,360000,411,Hibernating
296,889,87,576000,411,Hibernating
297,251,76,3021500,511,New Customers
298,222,4,40170000,514,New Customers
299,1058,0,501500,311,About to Sleep
300,1334,0,240000,311,About to Sleep
301,1366,0,192000,311,About to Sleep
302,1433,0,200000,311,About to Sleep
303,518,0,695000,411,Hibernating
304,414,867,985000,541,Loyal Customers
305,350,219,1985000,521,Potential Loyalists
306,797,0,360000,411,Hibernating
307,1035,0,221000,311,About to Sleep
308,1041,0,420000,311,About to Sleep
309,442,1,5580500,512,New Customers
310,1088,229,710000,321,About to Sleep
311,816,0,360000,411,Hibernating
312,569,0,795000,411,Hibernating
313,144,1296,1519000,551,Champions
314,4,0,956000,511,New Customers
315,13,153,3230000,521,Potential Loyalists
316,530,330,1295000,421,Potential Loyalists
317,748,50,2381500,411,Hibernating
318,290,0,1195000,511,New Customers
319,613,22,7593000,412,Hibernating
320,14,0,1515000,511,New Customers
321,1723,34,870000,211,Hibernating
322,780,67,820000,411,Hibernating
323,834,0,345000,411,Hibernating
324,616,27,2967500,411,Hibernating
325,1836,0,96000,211,Hibernating
326,675,14,2200500,411,Hibernating
327,14,0,1315000,511,New Customers
328,1539,382,850000,231,At Risk
329,638,27,1525000,411,Hibernating
330,1813,4,216000,211,Hibernating
331,993,19,1780000,411,Hibernating
332,312,0,1790000,511,New Customers
333,1437,0,180000,311,About to Sleep
334,1748,0,120000,211,Hibernating
335,1713,47,520000,211,Hibernating
336,754,0,1020000,411,Hibernating
337,442,299,1390000,521,Potential Loyalists
338,1855,0,100000,211,Hibernating
339,975,0,561000,411,Hibernating
340,129,14,10814000,512,New Customers
341,1146,268,745000,321,About to Sleep
342,1156,0,221000,311,About to Sleep
343,351,0,795000,511,New Customers
344,1038,3,346500,311,About to Sleep
345,98,77,4886000,512,New Customers
346,271,662,1855000,531,Potential Loyalists
347,2048,0,100000,111,Lost
348,561,58,4451000,412,Hibernating
349,1149,0,221000,311,About to Sleep
350,911,0,0,411,Hibernating
351,1947,0,96000,211,Hibernating
352,1183,28,1412000,311,About to Sleep
353,702,0,560000,411,Hibernating
354,830,0,270000,411,Hibernating
355,461,13,7688000,512,New Customers
356,454,40,1606500,511,New Customers
357,1755,118,270000,221,At Risk
358,2054,0,100000,111,Lost
359,982,0,391000,411,Hibernating
360,866,0,0,411,Hibernating
361,598,3,2910500,411,Hibernating
362,330,562,1495000,531,Potential Loyalists
363,471,0,695000,511,New Customers
364,711,4,4025000,412,Hibernating
365,430,43,4285000,512,New Customers
366,1329,0,192000,311,About to Sleep
367,451,10,7012000,512,New Customers
368,70,44,9438500,512,New Customers
369,677,0,415000,411,Hibernating
370,74,28,27141000,513,New Customers
371,1759,0,120000,211,Hibernating
372,2176,0,100000,111,Lost
373,1089,29,2890000,311,About to Sleep
374,1676,0,200000,211,Hibernating
375,850,582,660000,431,Potential Loyalists
376,519,0,715500,411,Hibernating
377,1241,0,160000,311,About to Sleep
378,1872,0,120000,211,Hibernating
379,21,150,4132500,522,Potential Loyalists
380,297,540,1855000,531,Potential Loyalists
381,22,101,6740000,512,New Customers
382,1532,0,250000,211,Hibernating
383,1489,66,608000,311,About to Sleep
384,1732,0,120000,211,Hibernating
385,614,191,761500,421,Potential Loyalists
386,120,28,6709000,512,New Customers
387,1044,147,940000,321,About to Sleep
388,890,63,1048000,411,Hibernating
389,1118,313,584000,321,About to Sleep
390,1187,97,1040000,311,About to Sleep
391,720,0,595000,411,Hibernating
392,58,18,19574500,513,New Customers
393,1701,0,180000,211,Hibernating
394,215,763,1555000,541,Loyal Customers
395,949,375,996000,431,Potential Loyalists
396,1034,0,520000,311,About to Sleep
397,513,0,625500,411,Hibernating
398,1973,0,96000,211,Hibernating
399,233,2,6280000,512,New Customers
400,1051,317,390000,321,About to Sleep
401,32,20,24406500,513,New Customers
402,216,13,7127000,512,New Customers
403,1380,0,160000,311,About to Sleep
404,1477,3,1070000,311,About to Sleep
405,1442,0,200000,311,About to Sleep
406,938,0,345000,411,Hibernating
407,487,727,1095000,541,Loyal Customers
408,890,0,420000,411,Hibernating
409,208,0,1435000,511,New Customers
410,786,0,1220000,411,Hibernating
411,946,0,560000,411,Hibernating
412,1423,420,444000,331,Need Attention
413,1457,160,470000,321,About to Sleep
414,937,0,360000,411,Hibernating
415,944,76,1655000,411,Hibernating
416,2190,0,100000,111,Lost
417,629,0,1070000,411,Hibernating
418,517,310,617500,421,Potential Loyalists
419,695,0,495000,411,Hibernating
420,1124,0,221000,311,About to Sleep
421,778,0,560000,411,Hibernating
422,135,0,1806000,511,New Customers
423,6,54,16117500,513,New Customers
424,1473,0,200000,311,About to Sleep
425,646,0,661500,411,Hibernating
426,158,462,1776000,531,Potential Loyalists
427,1400,24,437500,311,About to Sleep
428,1037,12,2199000,311,About to Sleep
429,878,0,420000,411,Hibernating
430,1898,0,120000,211,Hibernating
431,966,1,771000,411,Hibernating
432,1040,0,590000,311,About to Sleep
433,194,3,179000,511,New Customers
434,1478,0,200000,311,About to Sleep
435,1468,0,250000,311,About to Sleep
436,1362,0,240000,311,About to Sleep
437,938,0,420000,411,Hibernating
438,851,0,460000,411,Hibernating
439,147,0,1315000,511,New Customers
440,419,0,795000,511,New Customers
441,34,6,45378500,514,New Customers
442,873,3,1444000,411,Hibernating
443,130,7,19249000,513,New Customers
444,1002,0,391000,411,Hibernating
445,1110,0,221000,311,About to Sleep
446,113,28,16956500,513,New Customers
447,1691,0,108000,211,Hibernating
448,784,0,288000,411,Hibernating
449,751,96,1515000,411,Hibernating
450,1389,0,280000,311,About to Sleep
451,1271,0,290000,311,About to Sleep
452,1428,0,180000,311,About to Sleep
453,1694,0,180000,211,Hibernating
454,971,0,306000,411,Hibernating
455,445,39,5677500,512,New Customers
456,1396,0,360000,311,About to Sleep
457,474,0,795000,511,New Customers
458,812,576,560000,431,Potential Loyalists
459,1420,3,0,311,About to Sleep
460,820,0,460000,411,Hibernating
461,1833,0,96000,211,Hibernating
462,1331,60,400000,311,About to Sleep
463,61,21,4304000,512,New Customers
464,175,16,5595000,512,New Customers
465,104,0,1435000,511,New Customers
466,1671,65,446000,211,Hibernating
467,160,489,1953000,531,Potential Loyalists
468,1175,3,536500,311,About to Sleep
469,1779,0,120000,211,Hibernating
470,1494,0,250000,311,About to Sleep
471,193,309,2103500,521,Potential Loyalists
472,9,23,28157000,513,New Customers
473,789,26,1120000,411,Hibernating
474,336,400,1605000,531,Potential Loyalists
475,887,2,1120000,411,Hibernating
476,765,21,558000,411,Hibernating
477,731,0,295000,411,Hibernating
478,1024,0,360000,411,Hibernating
479,1428,0,180000,311,About to Sleep
480,992,0,360000,411,Hibernating
481,1232,0,0,311,About to Sleep
482,736,26,1940000,411,Hibernating
483,1396,0,225000,311,About to Sleep
484,559,0,595000,411,Hibernating
485,841,0,360000,411,Hibernating
486,1944,0,120000,211,Hibernating
487,814,0,360000,411,Hibernating
488,353,36,3278000,511,New Customers
489,228,11,2035000,511,New Customers
490,196,0,1315000,511,New Customers
491,861,145,2115000,421,Potential Loyalists
492,411,90,3655000,511,New Customers
493,1163,0,246500,311,About to Sleep
494,408,27,4037000,512,New Customers
495,208,6,6910000,512,New Customers
496,853,10,920000,411,Hibernating
497,1354,0,520000,311,About to Sleep
498,133,158,3805000,522,Potential Loyalists
499,1501,340,296000,321,About to Sleep
500,680,0,495000,411,Hibernating
501,1332,0,192000,311,About to Sleep
502,511,93,1965500,411,Hibernating
503,1105,70,1035000,311,About to Sleep
504,1945,0,96000,211,Hibernating
505,1189,583,360000,331,Need Attention
506,142,304,2459000,521,Potential Loyalists
507,332,52,2487750,511,New Customers
508,1341,0,290000,311,About to Sleep
509,1214,0,240000,311,About to Sleep
510,683,83,1650000,411,Hibernating
511,410,0,695000,511,New Customers
512,1944,0,120000,211,Hibernating
513,851,737,710000,441,Loyal Customers
514,1127,60,762000,311,About to Sleep
515,1046,0,357000,311,About to Sleep
516,511,0,495000,411,Hibernating
517,1673,33,510000,211,Hibernating
518,1193,0,494000,311,About to Sleep
519,1881,0,120000,211,Hibernating
520,135,114,6130000,512,New Customers
521,984,0,306000,411,Hibernating
522,164,622,2900500,531,Potential Loyalists
523,117,744,1540000,541,Loyal Customers
524,431,0,795000,511,New Customers
525,103,36,2845000,511,New Customers
526,316,34,6475500,512,New Customers
527,1145,0,520000,311,About to Sleep
528,1117,2,1310000,311,About to Sleep
529,520,286,1100000,421,Potential Loyalists
530,1945,0,96000,211,Hibernating
531,1471,0,250000,311,About to Sleep
532,1157,69,680000,311,About to Sleep
533,890,0,360000,411,Hibernating
534,678,0,615000,411,Hibernating
535,1433,0,180000,311,About to Sleep
536,947,474,808000,431,Potential Loyalists
537,896,427,750000,431,Potential Loyalists
538,1789,0,120000,211,Hibernating
539,1417,0,180000,311,About to Sleep
540,259,0,1675000,511,New Customers
541,1297,0,240000,311,About to Sleep
542,47,26,9026000,512,New Customers
543,225,114,3208000,511,New Customers
544,683,2,2875000,411,Hibernating
545,1726,39,310000,211,Hibernating
546,630,431,856000,431,Potential Loyalists
547,1359,0,180000,311,About to Sleep
548,829,64,1047000,411,Hibernating
549,1648,0,225000,211,Hibernating
550,1230,0,232000,311,About to Sleep
551,1518,0,400000,311,About to Sleep
552,53,33,9035000,512,New Customers
553,497,2,2380000,411,Hibernating
554,1280,0,290000,311,About to Sleep
555,589,0,595000,411,Hibernating
556,54,1,5222500,512,New Customers
557,1849,0,120000,211,Hibernating
558,529,0,695000,411,Hibernating
559,194,13,3595500,511,New Customers
560,1028,382,692000,431,Potential Loyalists
561,595,33,1017000,411,Hibernating
562,485,319,1375000,521,Potential Loyalists
563,858,69,648000,411,Hibernating
564,28,8,17623500,513,New Customers
565,194,104,3200500,511,New Customers
566,818,0,0,411,Hibernating
567,1837,87,240000,211,Hibernating
568,784,19,1840000,411,Hibernating
569,883,22,680000,411,Hibernating
570,974,30,851000,411,Hibernating
571,404,3,47636000,514,New Customers
572,1400,0,360000,311,About to Sleep
573,29,107,7615000,512,New Customers
574,939,0,345000,411,Hibernating
575,832,7,2079500,411,Hibernating
576,1043,0,390000,311,About to Sleep
577,72,30,2390000,511,New Customers
578,686,3,2270000,411,Hibernating
579,118,109,3235000,511,New Customers
580,1033,1,1600000,311,About to Sleep
581,887,1,1644000,411,Hibernating
582,184,0,1195000,511,New Customers
583,721,0,495000,411,Hibernating
584,1264,0,192000,311,About to Sleep
585,73,8,2390000,511,New Customers
586,934,0,345000,411,Hibernating
587,1447,0,200000,311,About to Sleep
588,544,46,4610000,412,Hibernating
589,830,5,1220000,411,Hibernating
590,200,77,5459000,512,New Customers
591,265,489,1895000,531,Potential Loyalists
592,1230,0,420000,311,About to Sleep
593,1410,0,460000,311,About to Sleep
594,1402,0,1270000,311,About to Sleep
595,846,0,460000,411,Hibernating
596,1852,0,120000,211,Hibernating
597,1583,0,180000,211,Hibernating
598,317,255,2478000,521,Potential Loyalists
599,76,9,15874000,513,New Customers
600,1813,16,240000,211,Hibernating
601,539,14,1905500,411,Hibernating
602,1744,7,686000,211,Hibernating
603,1061,0,260000,311,About to Sleep
604,1175,0,357000,311,About to Sleep
605,1406,0,460000,311,About to Sleep
606,56,9,3700000,511,New Customers
607,999,0,391000,411,Hibernating
608,1945,0,120000,211,Hibernating
609,1792,0,120000,211,Hibernating
610,1768,0,120000,211,Hibernating
611,1168,0,240000,311,About to Sleep
612,205,28,15738500,513,New Customers
613,1901,0,120000,211,Hibernating
614,1354,0,240000,311,About to Sleep
615,1550,0,250000,211,Hibernating
616,134,12,2390000,511,New Customers
617,1792,0,150000,211,Hibernating
618,1510,38,524000,311,About to Sleep
619,104,0,1195000,511,New Customers
620,443,0,695000,511,New Customers
621,1141,0,390000,311,About to Sleep
622,655,192,1473500,421,Potential Loyalists
623,1232,0,590000,311,About to Sleep
624,583,0,695000,411,Hibernating
625,39,16,4775000,512,New Customers
626,44,6,3320000,511,New Customers
627,1408,0,200000,311,About to Sleep
628,97,0,1195000,511,New Customers
629,1698,0,135000,211,Hibernating
630,231,8,3037500,511,New Customers
631,1221,95,640000,311,About to Sleep
632,1135,0,260000,311,About to Sleep
633,573,270,883000,421,Potential Loyalists
634,695,4,1385000,411,Hibernating
635,1346,0,420000,311,About to Sleep
636,639,41,1310000,411,Hibernating
637,102,29,13070000,512,New Customers
638,256,8,7210000,512,New Customers
639,361,0,795000,511,New Customers
640,885,0,360000,411,Hibernating
641,842,9,2494000,411,Hibernating
642,174,985,1660000,541,Loyal Customers
643,1421,0,200000,311,About to Sleep
644,382,0,795000,511,New Customers
645,715,59,1889000,411,Hibernating
646,146,0,1435000,511,New Customers
647,1695,0,135000,211,Hibernating
648,610,4,5619000,412,Hibernating
649,2055,9,200000,111,Lost
650,39,866,1455000,541,Loyal Customers
651,1422,15,650000,311,About to Sleep
652,1004,823,680000,441,Loyal Customers
653,142,1269,1565000,551,Champions
654,1726,0,135000,211,Hibernating
655,916,0,420000,411,Hibernating
656,1691,0,180000,211,Hibernating
657,2017,0,100000,211,Hibernating
658,14,9,42645000,514,New Customers
659,825,0,270000,411,Hibernating
660,64,5,40325000,514,New Customers
661,506,12,15128000,413,Hibernating
662,305,0,995000,511,New Customers
663,727,912,820000,441,Loyal Customers
664,27,40,19588000,513,New Customers
665,1292,0,520000,311,About to Sleep
666,1039,0,357000,311,About to Sleep
667,625,3,1310000,411,Hibernating
668,242,0,1675000,511,New Customers
669,112,621,3270000,531,Potential Loyalists
670,62,68,7775000,512,New Customers
671,1342,0,192000,311,About to Sleep
672,991,0,460000,411,Hibernating
673,825,0,368000,411,Hibernating
674,162,536,1951750,531,Potential Loyalists
675,398,0,695000,511,New Customers
676,101,47,8885000,512,New Customers
677,290,0,1435000,511,New Customers
678,1144,0,310000,311,About to Sleep
679,1347,0,240000,311,About to Sleep
680,86,9,21035100,513,New Customers
681,892,3,1380000,411,Hibernating
682,651,343,1293000,421,Potential Loyalists
683,1733,0,120000,211,Hibernating
684,1260,3,4690000,312,About to Sleep
685,385,66,3340500,511,New Customers
686,380,241,2115000,521,Potential Loyalists
687,1944,0,120000,211,Hibernating
688,116,0,1195000,511,New Customers
689,399,54,1946000,511,New Customers
690,6,495,2990000,531,Potential Loyalists
691,519,0,535500,411,Hibernating
692,1298,0,280000,311,About to Sleep
693,1729,0,170000,211,Hibernating
694,987,0,306000,411,Hibernating
695,851,8,1428000,411,Hibernating
696,1889,2,580000,211,Hibernating
697,790,0,980000,411,Hibernating
698,929,0,345000,411,Hibernating
699,2130,0,100000,111,Lost
700,170,300,2625000,521,Potential Loyalists
701,1409,0,200000,311,About to Sleep
702,958,64,1344000,411,Hibernating
703,562,0,595000,411,Hibernating
704,1143,7,820000,311,About to Sleep
705,1312,278,1020000,321,About to Sleep
706,1374,0,250000,311,About to Sleep
707,1271,0,240000,311,About to Sleep
708,888,447,650000,431,Potential Loyalists
709,248,51,4986000,512,New Customers
710,202,58,7321000,512,New Customers
711,1633,24,580000,211,Hibernating
712,814,0,288000,411,Hibernating
713,703,24,15489000,413,Hibernating
714,880,0,560000,411,Hibernating
715,1525,0,200000,311,About to Sleep
716,868,0,270000,411,Hibernating
717,400,4,1390000,511,New Customers
718,368,115,2560500,511,New Customers
719,177,0,3228000,511,New Customers
720,502,598,1781000,431,Potential Loyalists
721,1405,10,760000,311,About to Sleep
722,1269,0,192000,311,About to Sleep
723,180,0,1374000,511,New Customers
724,90,2,1195000,511,New Customers
725,847,0,270000,411,Hibernating
726,1405,0,414000,311,About to Sleep
727,446,157,2046500,521,Potential Loyalists
728,1223,0,0,311,About to Sleep
729,925,0,270000,411,Hibernating
730,1305,0,240000,311,About to Sleep
731,1404,0,225000,311,About to Sleep
732,1407,0,180000,311,About to Sleep
733,42,73,15423000,513,New Customers
734,596,1,1910000,411,Hibernating
735,1157,15,2510000,311,About to Sleep
736,52,34,5260000,512,New Customers
737,1028,598,948000,431,Potential Loyalists
738,42,3,1435000,511,New Customers
739,1087,0,0,311,About to Sleep
740,638,0,725000,411,Hibernating
741,763,0,0,411,Hibernating
742,1184,0,240000,311,About to Sleep
743,187,305,2635000,521,Potential Loyalists
744,1084,0,520000,311,About to Sleep
745,910,6,8542000,412,Hibernating
746,839,0,0,411,Hibernating
747,739,0,1406000,411,Hibernating
748,666,11,1340500,411,Hibernating
749,190,380,2738500,531,Potential Loyalists
750,1226,0,420000,311,About to Sleep
751,975,0,360000,411,Hibernating
752,574,0,695000,411,Hibernating
753,253,21,15520000,513,New Customers
754,750,0,495000,411,Hibernating
755,1422,0,200000,311,About to Sleep
756,394,635,1120000,531,Potential Loyalists
757,9,28,9475000,512,New Customers
758,851,0,1020000,411,Hibernating
759,764,16,2287000,411,Hibernating
760,1126,0,260000,311,About to Sleep
761,153,0,1195000,511,New Customers
762,991,0,306000,411,Hibernating
763,499,270,695000,421,Potential Loyalists
764,159,0,1435000,511,New Customers
765,1424,0,180000,311,About to Sleep
766,775,0,460000,411,Hibernating
767,1379,231,430000,321,About to Sleep
768,78,53,3825000,512,New Customers
769,584,0,595000,411,Hibernating
770,843,252,890000,421,Potential Loyalists
771,1023,0,527000,411,Hibernating
772,142,408,2315000,531,Potential Loyalists
773,1469,0,250000,311,About to Sleep
774,198,940,1435500,541,Loyal Customers
775,1449,0,200000,311,About to Sleep
776,386,18,8060000,512,New Customers
777,1439,0,360000,311,About to Sleep
778,1063,1,580000,311,About to Sleep
779,41,8,2726500,511,New Customers
780,1307,0,232000,311,About to Sleep
781,1101,30,2488000,311,About to Sleep
782,53,241,2630000,521,Potential Loyalists
783,851,5,950000,411,Hibernating
784,121,5,15825000,513,New Customers
785,85,6,4465000,512,New Customers
786,798,0,345000,411,Hibernating
787,340,100,2465500,511,New Customers
788,169,0,5378000,512,New Customers
789,765,17,3051000,411,Hibernating
790,1484,0,200000,311,About to Sleep
791,294,10,4406000,512,New Customers
792,1272,0,520000,311,About to Sleep
793,1234,147,780000,321,About to Sleep
794,915,0,460000,411,Hibernating
795,581,88,2812000,411,Hibernating
796,1679,0,180000,211,Hibernating
797,617,207,1845000,421,Potential Loyalists
798,277,9,5075000,512,New Customers
799,471,67,1390000,511,New Customers
800,1437,0,360000,311,About to Sleep
801,943,0,360000,411,Hibernating
802,72,3,60855750,514,New Customers
803,347,0,695000,511,New Customers
804,2125,1,200000,111,Lost
805,2414,0,100000,111,Lost
806,1106,0,690000,311,About to Sleep
807,865,0,360000,411,Hibernating
808,1322,1,1020000,311,About to Sleep
809,1779,3,800000,211,Hibernating
810,978,158,840000,421,Potential Loyalists
811,640,0,1355000,411,Hibernating
812,1414,0,504000,311,About to Sleep
813,332,0,1296000,511,New Customers
814,958,8,2370000,411,Hibernating
815,1756,0,120000,211,Hibernating
816,1711,0,150000,211,Hibernating
817,911,18,558000,411,Hibernating
818,891,1,1148000,411,Hibernating
819,1773,0,150000,211,Hibernating
820,932,66,1120000,411,Hibernating
821,859,1156,660000,441,Loyal Customers
822,1796,0,150000,211,Hibernating
823,1103,0,60000,311,About to Sleep
824,485,595,1238000,531,Potential Loyalists
825,121,0,1195000,511,New Customers
826,1183,0,290000,311,About to Sleep
827,1321,0,180000,311,About to Sleep
828,1296,0,290000,311,About to Sleep
829,1258,36,2554000,311,About to Sleep
830,898,0,660000,411,Hibernating
831,993,2,679000,411,Hibernating
832,265,0,1195000,511,New Customers
833,919,0,288000,411,Hibernating
834,1419,0,200000,311,About to Sleep
835,310,66,5857000,512,New Customers
836,944,93,680000,411,Hibernating
837,616,87,1286500,411,Hibernating
838,35,0,1374000,511,New Customers
839,469,0,695000,511,New Customers
840,133,167,5181500,522,Potential Loyalists
841,727,0,395000,411,Hibernating
842,1255,435,490000,331,Need Attention
843,890,0,920000,411,Hibernating
844,234,590,1765000,531,Potential Loyalists
845,1897,242,250000,221,At Risk
846,593,328,2014000,421,Potential Loyalists
847,29,57,7100000,512,New Customers
848,714,13,3864500,412,Hibernating
849,1829,0,120000,211,Hibernating
850,1264,109,364000,311,About to Sleep
851,443,22,3475000,511,New Customers
852,544,0,695000,411,Hibernating
853,948,0,345000,411,Hibernating
854,1398,0,400000,311,About to Sleep
855,1947,0,120000,211,Hibernating
856,454,0,595000,511,New Customers
857,283,529,1780000,531,Potential Loyalists
858,1284,10,522000,311,About to Sleep
859,86,26,14512500,513,New Customers
860,1004,0,360000,411,Hibernating
861,425,922,1035000,541,Loyal Customers
862,25,67,6199000,512,New Customers
863,849,37,2920000,411,Hibernating
864,218,4,3425000,511,New Customers
865,9,7,44082000,514,New Customers
866,1331,0,240000,311,About to Sleep
867,1181,0,204000,311,About to Sleep
868,1662,0,180000,211,Hibernating
869,1457,0,200000,311,About to Sleep
870,1034,197,820000,321,About to Sleep
871,1170,367,490000,331,Need Attention
872,19,0,1435000,511,New Customers
873,1190,0,357000,311,About to Sleep
874,1372,0,960000,311,About to Sleep
875,914,460,660000,431,Potential Loyalists
876,1062,0,281000,311,About to Sleep
877,1094,59,2085000,311,About to Sleep
878,2436,0,90000,111,Lost
879,1827,0,120000,211,Hibernating
880,792,80,1020000,411,Hibernating
881,2435,0,90000,111,Lost
882,2163,0,0,111,Lost
883,679,124,1640500,421,Potential Loyalists
884,823,120,980000,421,Potential Loyalists
885,38,16,3625000,511,New Customers
886,1711,6,696000,211,Hibernating
887,1491,0,200000,311,About to Sleep
888,1354,0,192000,311,About to Sleep
889,1004,0,306000,411,Hibernating
890,853,0,270000,411,Hibernating
891,417,0,895000,511,New Customers
892,1271,0,290000,311,About to Sleep
893,1379,0,200000,311,About to Sleep
894,1199,56,530000,311,About to Sleep
895,854,0,905000,411,Hibernating
896,1046,0,221000,311,About to Sleep
897,243,264,2790000,521,Potential Loyalists
898,470,0,1290000,511,New Customers
899,307,0,1095000,511,New Customers
900,823,12,1496000,411,Hibernating
901,994,0,306000,411,Hibernating
902,2422,0,100000,111,Lost
903,617,422,955000,431,Potential Loyalists
904,1083,0,357000,311,About to Sleep
905,1777,0,120000,211,Hibernating
906,1037,12,1053000,311,About to Sleep
907,2418,0,100000,111,Lost
908,707,0,495000,411,Hibernating
909,1715,0,135000,211,Hibernating
910,825,20,1120000,411,Hibernating
911,2413,0,100000,111,Lost
912,794,0,0,411,Hibernating
913,394,274,1355500,521,Potential Loyalists
914,208,0,956000,511,New Customers
915,417,633,1740000,531,Potential Loyalists
916,1010,163,564000,421,Potential Loyalists
917,2410,0,100000,111,Lost
918,78,18,21056500,513,New Customers
919,2367,0,400000,111,Lost
920,1010,0,306000,411,Hibernating
921,760,822,678000,441,Loyal Customers
922,77,104,5039500,512,New Customers
923,1169,15,720000,311,About to Sleep
924,1416,0,200000,311,About to Sleep
925,1377,58,660000,311,About to Sleep
926,245,0,1195000,511,New Customers
927,2215,198,175000,121,At Risk
928,415,85,2315000,511,New Customers
929,2410,2,200000,111,Lost
930,765,0,920000,411,Hibernating
931,2409,2,500000,111,Lost
932,51,35,12773000,512,New Customers
933,2411,0,100000,111,Lost
934,205,56,8825500,512,New Customers
935,867,0,270000,411,Hibernating
936,924,285,790000,421,Potential Loyalists
937,804,0,460000,411,Hibernating
938,2262,3,200000,111,Lost
939,409,0,1628000,511,New Customers
940,886,373,600000,431,Potential Loyalists
941,437,1428,775500,551,Champions
942,1276,253,1040000,321,About to Sleep
943,2410,0,90000,111,Lost
944,310,756,2286000,541,Loyal Customers
945,728,79,1275000,411,Hibernating
946,2408,0,100000,111,Lost
947,2409,0,100000,111,Lost
948,2409,0,90000,111,Lost
949,690,35,1377500,411,Hibernating
950,139,0,1515000,511,New Customers
951,11,0,1195000,511,New Customers
952,1272,0,290000,311,About to Sleep
953,1945,0,96000,211,Hibernating
954,278,70,2960000,511,New Customers
955,1323,114,1190000,311,About to Sleep
956,588,0,695000,411,Hibernating
957,359,2048,895000,551,Champions
958,805,111,1712000,411,Hibernating
959,289,71,6162000,512,New Customers
960,1193,0,246500,311,About to Sleep
961,30,43,12765000,512,New Customers
962,2405,0,100000,111,Lost
963,1382,0,250000,311,About to Sleep
964,770,0,0,411,Hibernating
965,4,0,1435000,511,New Customers
966,1424,0,180000,311,About to Sleep
967,796,0,360000,411,Hibernating
968,2405,0,100000,111,Lost
969,52,46,2273500,511,New Customers
970,67,0,2730000,511,New Customers
971,2403,0,100000,111,Lost
972,2403,0,100000,111,Lost
973,2201,101,500000,111,Lost
974,819,0,360000,411,Hibernating
975,367,9,3380000,511,New Customers
976,1052,25,1040000,311,About to Sleep
977,824,0,360000,411,Hibernating
978,263,0,1435000,511,New Customers
979,2402,0,100000,111,Lost
980,1060,0,70000,311,About to Sleep
981,1406,0,200000,311,About to Sleep
982,2401,0,90000,111,Lost
983,175,0,1374000,511,New Customers
984,732,707,2031500,441,Loyal Customers
985,1242,0,522000,311,About to Sleep
986,1173,188,760000,321,About to Sleep
987,1289,485,440000,331,Need Attention
988,174,4,7210000,512,New Customers
989,1327,0,232000,311,About to Sleep
990,739,0,556000,411,Hibernating
991,2400,0,90000,111,Lost
992,112,0,1614000,511,New Customers
993,518,71,1390000,411,Hibernating
994,19,14,11272500,512,New Customers
995,769,0,420000,411,Hibernating
996,2398,0,95000,111,Lost
997,488,2,1290000,511,New Customers
998,2396,0,100000,111,Lost
999,1077,0,520000,311,About to Sleep
1000,1913,0,120000,211,Hibernating
1001,2054,0,100000,111,Lost
1002,13,6,22215000,513,New Customers
1003,986,0,306000,411,Hibernating
1004,1170,0,204000,311,About to Sleep
1005,647,11,5500000,412,Hibernating
1006,1629,0,180000,211,Hibernating
1007,1946,0,120000,211,Hibernating
1008,1415,0,225000,311,About to Sleep
1009,2390,0,95000,111,Lost
1010,1680,0,225000,211,Hibernating
1011,926,0,460000,411,Hibernating
1012,62,1321,1715000,551,Champions
1013,223,456,1975000,531,Potential Loyalists
1014,1041,0,501500,311,About to Sleep
1015,1318,0,192000,311,About to Sleep
1016,1947,0,96000,211,Hibernating
1017,880,0,360000,411,Hibernating
1018,465,128,2465000,521,Potential Loyalists
1019,213,335,2315000,521,Potential Loyalists
1020,1406,0,200000,311,About to Sleep
1021,1288,0,144000,311,About to Sleep
1022,160,166,4188500,522,Potential Loyalists
1023,2364,0,100000,111,Lost
1024,1306,7,472000,311,About to Sleep
1025,2322,0,100000,111,Lost
1026,734,0,595000,411,Hibernating
1027,33,12,26620000,513,New Customers
1028,110,22,24401500,513,New Customers
1029,1675,0,200000,211,Hibernating
1030,2381,0,100000,111,Lost
1031,968,0,391000,411,Hibernating
1032,328,5,6060000,512,New Customers
1033,2075,0,180000,111,Lost
1034,2381,0,100000,111,Lost
1035,957,1,936000,411,Hibernating
1036,1330,0,240000,311,About to Sleep
1037,2240,9,580000,111,Lost
1038,1409,17,820000,311,About to Sleep
1039,841,2,2880000,411,Hibernating
1040,1203,119,600000,321,About to Sleep
1041,2380,0,300000,111,Lost
1042,552,160,1645000,421,Potential Loyalists
1043,2379,0,90000,111,Lost
1044,919,0,460000,411,Hibernating
1045,420,9,3030000,511,New Customers
1046,586,17,2445000,411,Hibernating
1047,1419,183,945000,321,About to Sleep
1048,1989,0,120000,211,Hibernating
1049,1247,309,635000,321,About to Sleep
1050,527,0,795000,411,Hibernating
1051,1945,0,120000,211,Hibernating
1052,1406,0,324000,311,About to Sleep
1053,169,0,1195000,511,New Customers
1054,1331,63,705000,311,About to Sleep
1055,452,36,2596500,511,New Customers
1056,2077,30,200000,111,Lost
1057,1947,0,96000,211,Hibernating
1058,2090,105,200000,111,Lost
1059,1612,0,324000,211,Hibernating
1060,2126,0,100000,111,Lost
1061,1209,0,180000,311,About to Sleep
1062,2377,0,100000,111,Lost
1063,730,18,1202000,411,Hibernating
1064,1760,255,250000,221,At Risk
1065,1363,3,990000,311,About to Sleep
1066,806,292,1002000,421,Potential Loyalists
1067,1148,0,221000,311,About to Sleep
1068,16,23,8535000,512,New Customers
1069,1319,102,1085000,311,About to Sleep
1070,2376,0,300000,111,Lost
1071,1442,461,300000,331,Need Attention
1072,888,73,1120000,411,Hibernating
1073,1795,0,160000,211,Hibernating
1074,795,72,828000,411,Hibernating
1075,1196,187,680000,321,About to Sleep
1076,42,75,2509500,511,New Customers
1077,2134,0,100000,111,Lost
1078,152,97,1787000,511,New Customers
1079,2375,0,90000,111,Lost
1080,393,1380,915000,551,Champions
1081,704,404,885000,431,Potential Loyalists
1082,1031,106,1852000,411,Hibernating
1083,753,0,1181500,411,Hibernating
1084,1430,0,200000,311,About to Sleep
1085,1015,19,711000,411,Hibernating
1086,463,45,2759000,511,New Customers
1087,737,0,295000,411,Hibernating
1088,2334,0,450000,111,Lost
1089,617,1,2975000,411,Hibernating
1090,1262,0,192000,311,About to Sleep
1091,320,95,2246000,511,New Customers
1092,916,0,368000,411,Hibernating
1093,303,273,1671000,521,Potential Loyalists
1094,1034,3,1170000,311,About to Sleep
1095,912,0,270000,411,Hibernating
1096,2372,0,50000,111,Lost
1097,929,0,460000,411,Hibernating
1098,530,0,625500,411,Hibernating
1099,91,51,3050000,511,New Customers
1100,901,1470,566000,451,Loyal Customers
1101,2371,0,100000,111,Lost
1102,2371,0,90000,111,Lost
1103,2371,0,90000,111,Lost
1104,2371,0,100000,111,Lost
1105,175,0,1435000,511,New Customers
1106,2371,0,90000,111,Lost
1107,582,203,903500,421,Potential Loyalists
1108,2371,0,90000,111,Lost
1109,2371,0,90000,111,Lost
1110,256,165,3150000,521,Potential Loyalists
1111,415,121,1496000,521,Potential Loyalists
1112,2369,0,90000,111,Lost
1113,2369,0,90000,111,Lost
1114,2368,0,90000,111,Lost
1115,1061,632,425000,331,Need Attention
1116,1945,0,96000,211,Hibernating
1117,848,1512,363000,451,Loyal Customers
1118,170,28,4020000,512,New Customers
1119,1159,0,520000,311,About to Sleep
1120,338,1184,1226000,541,Loyal Customers
1121,1551,23,1724000,211,Hibernating
1122,847,0,460000,411,Hibernating
1123,1440,0,180000,311,About to Sleep
1124,6,2,11000000,512,New Customers
1125,1402,0,324000,311,About to Sleep
1126,1042,379,120000,331,Need Attention
1127,2233,64,280000,111,Lost
1128,383,0,1390000,511,New Customers
1129,2198,74,175000,111,Lost
1130,1227,0,240000,311,About to Sleep
1131,399,0,890000,511,New Customers
1132,729,340,878500,421,Potential Loyalists
1133,386,463,1443000,531,Potential Loyalists
1134,2362,0,100000,111,Lost
1135,937,3,736000,411,Hibernating
1136,1898,12,825000,211,Hibernating
1137,291,414,2491500,531,Potential Loyalists
1138,681,72,2358000,411,Hibernating
1139,457,21,3950000,512,New Customers
1140,2361,0,90000,111,Lost
1141,289,51,4280500,512,New Customers
1142,97,0,1374000,511,New Customers
1143,716,18,1485000,411,Hibernating
1144,2327,2,505000,111,Lost
1145,577,0,790000,411,Hibernating
1146,142,27,11098000,512,New Customers
1147,1700,0,150000,211,Hibernating
1148,2360,0,75000,111,Lost
1149,278,59,1745000,511,New Customers
1150,364,27,2870000,511,New Customers
1151,2358,1,200000,111,Lost
1152,1271,0,232000,311,About to Sleep
1153,477,42,4813500,512,New Customers
1154,1926,0,120000,211,Hibernating
1155,1804,0,96000,211,Hibernating
1156,146,64,7602600,512,New Customers
1157,694,0,0,411,Hibernating
1158,512,0,695000,411,Hibernating
1159,63,0,1315000,511,New Customers
1160,1957,0,150000,211,Hibernating
1161,861,0,980000,411,Hibernating
1162,2356,0,90000,111,Lost
1163,2356,0,100000,111,Lost
1164,32,18,11400000,512,New Customers
1165,847,10,4842000,412,Hibernating
1166,1211,0,480000,311,About to Sleep
1167,1324,0,192000,311,About to Sleep
1168,6,49,14713500,513,New Customers
1169,973,2,1081500,411,Hibernating
1170,580,112,1190000,411,Hibernating
1171,1352,944,290000,341,Need Attention
1172,2353,0,50000,111,Lost
1173,1635,0,225000,211,Hibernating
1174,34,13,19437000,513,New Customers
1175,916,0,345000,411,Hibernating
1176,7,14,38220000,514,New Customers
1177,1468,0,250000,311,About to Sleep
1178,749,0,495000,411,Hibernating
1179,853,0,820000,411,Hibernating
1180,1848,0,120000,211,Hibernating
1181,2327,24,175000,111,Lost
1182,292,0,1075000,511,New Customers
1183,1322,88,650000,311,About to Sleep
1184,1652,0,342000,211,Hibernating
1185,23,20,26057000,513,New Customers
1186,546,21,3170000,411,Hibernating
1187,847,0,448000,411,Hibernating
1188,1511,0,250000,311,About to Sleep
1189,302,50,1896000,511,New Customers
1190,2347,0,100000,111,Lost
1191,1207,0,204000,311,About to Sleep
1192,2346,0,90000,111,Lost
1193,1420,2,720000,311,About to Sleep
1194,49,26,5951500,512,New Customers
1195,12,64,6810000,512,New Customers
1196,2155,132,145000,121,At Risk
1197,483,10,2316000,511,New Customers
1198,768,13,2525500,411,Hibernating
1199,2345,0,75000,111,Lost
1200,798,0,460000,411,Hibernating
1201,473,72,4630000,512,New Customers
1202,1770,0,96000,211,Hibernating
1203,2345,0,70000,111,Lost
1204,567,6,7891500,412,Hibernating
1205,2344,0,100000,111,Lost
1206,807,28,1864000,411,Hibernating
1207,2300,0,90000,111,Lost
1208,33,17,2373000,511,New Customers
1209,0,66,6475500,512,New Customers
1210,264,39,4705000,512,New Customers
1211,1080,0,331500,311,About to Sleep
1212,705,0,725000,411,Hibernating
1213,1408,0,250000,311,About to Sleep
1214,35,532,1710000,531,Potential Loyalists
1215,584,109,2681000,411,Hibernating
1216,2101,0,100000,111,Lost
1217,711,48,1896000,411,Hibernating
1218,2340,0,50000,111,Lost
1219,28,150,5850000,522,Potential Loyalists
1220,1382,0,310000,311,About to Sleep
1221,242,0,2151000,511,New Customers
1222,32,279,3260100,521,Potential Loyalists
1223,761,700,390000,441,Loyal Customers
1224,710,0,595000,411,Hibernating
1225,917,0,460000,411,Hibernating
1226,2075,42,200000,111,Lost
1227,177,21,8705000,512,New Customers
1228,120,47,3653000,511,New Customers
1229,204,0,1315000,511,New Customers
1230,997,201,1050000,421,Potential Loyalists
1231,388,18,18885000,513,New Customers
1232,615,9,1450000,411,Hibernating
1233,126,159,3989000,522,Potential Loyalists
1234,450,20,2265000,511,New Customers
1235,1235,1088,100000,341,Need Attention
1236,891,0,345000,411,Hibernating
1237,2266,0,50000,111,Lost
1238,2013,0,100000,211,Hibernating
1239,465,0,795000,511,New Customers
1240,1209,45,1480000,311,About to Sleep
1241,1094,0,60000,311,About to Sleep
1242,897,0,460000,411,Hibernating
1243,1069,47,1430000,311,About to Sleep
1244,2339,0,75000,111,Lost
1245,2340,0,75000,111,Lost
1246,826,192,612000,421,Potential Loyalists
1247,185,38,7635500,512,New Customers
1248,2279,0,75000,111,Lost
1249,1287,0,420000,311,About to Sleep
1250,550,0,795000,411,Hibernating
1251,2042,105,250000,111,Lost
1252,2339,0,90000,111,Lost
1253,1072,249,400000,321,About to Sleep
1254,104,0,1435000,511,New Customers
1255,1231,0,290000,311,About to Sleep
1256,1181,0,204000,311,About to Sleep
1257,1275,532,630000,331,Need Attention
1258,11,0,1195000,511,New Customers
1259,902,21,990000,411,Hibernating
1260,410,11,6171000,512,New Customers
1261,288,29,5655000,512,New Customers
1262,706,15,990000,411,Hibernating
1263,125,0,1195000,511,New Customers
1264,2337,0,90000,111,Lost
1265,89,22,15189000,513,New Customers
1266,925,0,560000,411,Hibernating
1267,191,90,3380000,511,New Customers
1268,1446,9,360000,311,About to Sleep
1269,1246,0,520000,311,About to Sleep
1270,2336,0,60000,111,Lost
1271,1358,0,290000,311,About to Sleep
1272,171,7,28511000,513,New Customers
1273,81,0,1195000,511,New Customers
1274,753,163,0,421,Potential Loyalists
1275,735,0,495000,411,Hibernating
1276,373,8,1510500,511,New Customers
1277,770,0,360000,411,Hibernating
1278,1129,144,2805000,321,About to Sleep
1279,1608,0,225000,211,Hibernating
1280,799,185,648000,421,Potential Loyalists
1281,812,0,0,411,Hibernating
1282,112,0,1340000,511,New Customers
1283,516,0,0,411,Hibernating
1284,2334,0,50000,111,Lost
1285,1380,0,200000,311,About to Sleep
1286,1038,70,2042000,311,About to Sleep
1287,1960,89,250000,211,Hibernating
1288,101,0,1435000,511,New Customers
1289,238,0,1075500,511,New Customers
1290,1349,0,232000,311,About to Sleep
1291,1304,0,240000,311,About to Sleep
1292,400,80,3415000,511,New Customers
1293,830,0,270000,411,Hibernating
1294,2333,0,0,111,Lost
1295,2333,0,75000,111,Lost
1296,1516,0,200000,311,About to Sleep
1297,2333,0,0,111,Lost
1298,945,103,970000,411,Hibernating
1299,399,49,1390000,511,New Customers
1300,1365,0,240000,311,About to Sleep
1301,1323,0,192000,311,About to Sleep
1302,2331,0,100000,111,Lost
1303,847,164,908000,421,Potential Loyalists
1304,580,91,1826000,411,Hibernating
1305,1564,0,225000,211,Hibernating
1306,1747,0,120000,211,Hibernating
1307,931,0,360000,411,Hibernating
1308,58,20,18301500,513,New Customers
1309,392,465,1055000,531,Potential Loyalists
1310,955,0,560000,411,Hibernating
1311,2331,0,75000,111,Lost
1312,107,228,2419500,521,Potential Loyalists
1313,903,224,908000,421,Potential Loyalists
1314,2330,0,75000,111,Lost
1315,1455,0,360000,311,About to Sleep
1316,864,0,560000,411,Hibernating
1317,123,0,1315000,511,New Customers
1318,684,27,4015500,412,Hibernating
1319,1227,0,240000,311,About to Sleep
1320,633,71,1555000,411,Hibernating
1321,2329,0,75000,111,Lost
1322,2329,0,50000,111,Lost
1323,331,62,4830000,512,New Customers
1324,1276,524,1260000,331,Need Attention
1325,1833,0,96000,211,Hibernating
1326,111,6,2190000,511,New Customers
1327,1064,0,357000,311,About to Sleep
1328,772,0,360000,411,Hibernating
1329,1332,0,192000,311,About to Sleep
1330,1232,0,240000,311,About to Sleep
1331,244,0,1430000,511,New Customers
1332,2074,127,250000,121,At Risk
1333,2323,0,0,111,Lost
1334,1101,0,221000,311,About to Sleep
1335,2099,0,100000,111,Lost
1336,838,571,540000,431,Potential Loyalists
1337,1380,9,545000,311,About to Sleep
1338,47,0,1315000,511,New Customers
1339,687,0,495000,411,Hibernating
1340,1716,0,135000,211,Hibernating
1341,66,0,1195000,511,New Customers
1342,113,41,10662400,512,New Customers
1343,586,10,2547500,411,Hibernating
1344,240,25,10751000,512,New Customers
1345,1959,34,145000,211,Hibernating
1346,2318,0,100000,111,Lost
1347,2309,0,100000,111,Lost
1348,2325,0,100000,111,Lost
1349,1529,60,1120000,311,About to Sleep
1350,432,101,3506500,511,New Customers
1351,128,0,1435000,511,New Customers
1352,2325,0,100000,111,Lost
1353,161,0,1195000,511,New Customers
1354,2261,0,100000,111,Lost
1355,2228,86,200000,111,Lost
1356,2324,1,75000,111,Lost
1357,2324,0,75000,111,Lost
1358,1305,317,600000,321,About to Sleep
1359,921,0,345000,411,Hibernating
1360,1453,8,1620000,311,About to Sleep
1361,8,688,1935000,541,Loyal Customers
1362,407,0,795000,511,New Customers
1363,1525,0,200000,311,About to Sleep
1364,1194,17,486500,311,About to Sleep
1365,1084,287,725000,321,About to Sleep
1366,1400,0,225000,311,About to Sleep
1367,49,1136,2945000,541,Loyal Customers
1368,1048,2,2619000,311,About to Sleep
1369,1316,1,432000,311,About to Sleep
1370,1080,2,520000,311,About to Sleep
1371,1153,0,520000,311,About to Sleep
1372,1140,0,221000,311,About to Sleep
1373,641,283,995000,421,Potential Loyalists
1374,280,0,1195000,511,New Customers
1375,113,66,7260000,512,New Customers
1376,1977,51,495000,211,Hibernating
1377,2239,0,100000,111,Lost
1378,601,0,595000,411,Hibernating
1379,759,0,195000,411,Hibernating
1380,704,3,1285000,411,Hibernating
1381,1422,0,360000,311,About to Sleep
1382,174,2131,2910000,551,Champions
1383,2318,0,90000,111,Lost
1384,974,0,306000,411,Hibernating
1385,202,138,2359000,521,Potential Loyalists
1386,683,170,1850000,421,Potential Loyalists
1387,755,28,3284000,411,Hibernating
1388,2317,0,100000,111,Lost
1389,107,0,1315000,511,New Customers
1390,776,0,560000,411,Hibernating
1391,2044,137,175000,121,At Risk
1392,2316,0,100000,111,Lost
1393,1696,0,180000,211,Hibernating
1394,1857,68,500000,211,Hibernating
1395,13,11,7535500,512,New Customers
1396,707,55,2070000,411,Hibernating
1397,1379,0,200000,311,About to Sleep
1398,199,26,209000,511,New Customers
1399,1397,32,475000,311,About to Sleep
1400,818,0,270000,411,Hibernating
1401,1470,0,200000,311,About to Sleep
1402,2315,0,75000,111,Lost
1403,2312,0,100000,111,Lost
1404,727,0,655000,411,Hibernating
1405,12,12,28667500,513,New Customers
1406,2314,0,90000,111,Lost
1407,1514,30,950000,311,About to Sleep
1408,1080,83,2482000,311,About to Sleep
1409,2306,0,390000,111,Lost
1410,160,2153,1150500,551,Champions
1411,81,26,10044000,512,New Customers
1412,1044,1269,355000,351,Need Attention
1413,625,14,2223000,411,Hibernating
1414,2313,0,75000,111,Lost
1415,17,8,54805000,514,New Customers
1416,2313,0,100000,111,Lost
1417,747,783,750000,441,Loyal Customers
1418,431,7,6606000,512,New Customers
1419,2312,0,50000,111,Lost
1420,890,87,1846000,411,Hibernating
1421,2197,0,100000,111,Lost
1422,1280,0,520000,311,About to Sleep
1423,813,0,288000,411,Hibernating
1424,1182,42,1190000,311,About to Sleep
1425,458,0,2075000,511,New Customers
1426,101,0,1195000,511,New Customers
1427,1444,0,250000,311,About to Sleep
1428,1233,0,940000,311,About to Sleep
1429,903,255,960000,421,Potential Loyalists
1430,1246,0,180000,311,About to Sleep
1431,1054,0,442000,311,About to Sleep
1432,1385,0,200000,311,About to Sleep
1433,920,0,0,411,Hibernating
1434,471,11,11238500,512,New Customers
1435,875,0,288000,411,Hibernating
1436,2311,0,75000,111,Lost
1437,12,61,6988000,512,New Customers
1438,1564,0,180000,211,Hibernating
1439,2310,0,90000,111,Lost
1440,1750,0,160000,211,Hibernating
1441,2262,0,75000,111,Lost
1442,222,29,8331000,512,New Customers
1443,149,187,2530000,521,Potential Loyalists
1444,2310,0,70000,111,Lost
1445,2253,0,100000,111,Lost
1446,1138,90,742000,311,About to Sleep
1447,781,321,910000,421,Potential Loyalists
1448,427,0,1521000,511,New Customers
1449,2173,9,400000,111,Lost
1450,838,9,3557000,411,Hibernating
1451,569,213,2325000,421,Potential Loyalists
1452,178,14,20471500,513,New Customers
1453,24,98,3585000,511,New Customers
1454,941,0,345000,411,Hibernating
1455,356,64,3865000,512,New Customers
1456,2309,0,90000,111,Lost
1457,2309,0,90000,111,Lost
1458,1899,5,240000,211,Hibernating
1459,1135,0,520000,311,About to Sleep
1460,2164,72,290000,111,Lost
1461,1785,0,120000,211,Hibernating
1462,866,0,360000,411,Hibernating
1463,807,282,808000,421,Potential Loyalists
1464,1294,0,290000,311,About to Sleep
1465,2307,0,150000,111,Lost
1466,918,0,448000,411,Hibernating
1467,2206,9,265000,111,Lost
1468,1633,0,120000,211,Hibernating
1469,734,0,495000,411,Hibernating
1470,1040,0,442000,311,About to Sleep
1471,891,0,900000,411,Hibernating
1472,849,337,1006500,421,Potential Loyalists
1473,1621,0,225000,211,Hibernating
1474,605,52,5514000,412,Hibernating
1475,2017,0,250000,211,Hibernating
1476,2051,68,300000,111,Lost
1477,67,0,3030000,511,New Customers
1478,1063,92,1440000,311,About to Sleep
1479,34,871,1555000,541,Loyal Customers
1480,380,13,6570000,512,New Customers
1481,1308,0,1380000,311,About to Sleep
1482,2252,2,200000,111,Lost
1483,494,0,795000,411,Hibernating
1484,1756,3,420000,211,Hibernating
1485,1318,31,432000,311,About to Sleep
1486,2304,0,100000,111,Lost
1487,169,31,6595000,512,New Customers
1488,18,0,1195000,511,New Customers
1489,110,17,12670000,512,New Customers
1490,750,0,495000,411,Hibernating
1491,2304,0,165000,111,Lost
1492,2291,11,140000,111,Lost
1493,968,56,3654000,411,Hibernating
1494,915,0,360000,411,Hibernating
1495,564,1739,695000,451,Loyal Customers
1496,535,7,1290000,411,Hibernating
1497,2102,8,100000,111,Lost
1498,1574,0,425000,211,Hibernating
1499,1641,0,180000,211,Hibernating
1500,75,46,12437500,512,New Customers
1501,396,17,3115000,511,New Customers
1502,2302,0,90000,111,Lost
1503,1019,0,586500,411,Hibernating
1504,617,0,725000,411,Hibernating
1505,176,0,1195000,511,New Customers
1506,1360,424,375000,331,Need Attention
1507,2283,14,140000,111,Lost
1508,2298,4,90000,111,Lost
1509,385,0,695000,511,New Customers
1510,75,27,8940000,512,New Customers
1511,2302,0,70000,111,Lost
1512,2188,0,75000,111,Lost
1513,1415,0,460000,311,About to Sleep
1514,1350,951,282000,341,Need Attention
1515,694,0,595000,411,Hibernating
1516,1313,988,220000,341,Need Attention
1517,913,0,360000,411,Hibernating
1518,2301,0,90000,111,Lost
1519,973,92,548000,411,Hibernating
1520,50,43,18762500,513,New Customers
1521,2301,0,75000,111,Lost
1522,1982,90,420000,211,Hibernating
1523,1338,0,240000,311,About to Sleep
1524,854,2,6080000,412,Hibernating
1525,906,0,1727500,411,Hibernating
1526,2300,0,90000,111,Lost
1527,2294,5,165000,111,Lost
1528,6,11,32338000,513,New Customers
1529,1116,0,442000,311,About to Sleep
1530,1445,0,200000,311,About to Sleep
1531,576,75,3975000,412,Hibernating
1532,2282,0,200000,111,Lost
1533,768,10,3790000,412,Hibernating
1534,246,134,1890000,521,Potential Loyalists
1535,2299,0,75000,111,Lost
1536,2298,0,100000,111,Lost
1537,470,0,795000,511,New Customers
1538,1541,17,630000,211,Hibernating
1539,886,0,0,411,Hibernating
1540,291,792,1455000,541,Loyal Customers
1541,523,164,1365500,421,Potential Loyalists
1542,273,217,3290000,521,Potential Loyalists
1543,939,0,807000,411,Hibernating
1544,7,128,5485000,522,Potential Loyalists
1545,915,0,360000,411,Hibernating
1546,2169,12,900000,111,Lost
1547,2297,0,100000,111,Lost
1548,1256,0,192000,311,About to Sleep
1549,850,0,270000,411,Hibernating
1550,602,0,505750,411,Hibernating
1551,605,598,1015000,431,Potential Loyalists
1552,547,0,795000,411,Hibernating
1553,1325,0,472000,311,About to Sleep
1554,1241,0,420000,311,About to Sleep
1555,378,199,1923000,521,Potential Loyalists
1556,503,49,7825000,412,Hibernating
1557,2256,6,240000,111,Lost
1558,2297,0,100000,111,Lost
1559,1573,0,225000,211,Hibernating
1560,1033,185,800000,321,About to Sleep
1561,848,17,468000,411,Hibernating
1562,692,6,1190000,411,Hibernating
1563,2297,0,70000,111,Lost
1564,2269,0,70000,111,Lost
1565,490,39,2735000,511,New Customers
1566,765,19,5514500,412,Hibernating
1567,201,360,1966000,531,Potential Loyalists
1568,870,444,552000,431,Potential Loyalists
1569,1369,26,700000,311,About to Sleep
1570,1270,180,705000,321,About to Sleep
1571,1668,0,200000,211,Hibernating
1572,223,54,11325000,512,New Customers
1573,2220,0,100000,111,Lost
1574,340,27,7184800,512,New Customers
1575,371,0,995000,511,New Customers
1576,33,0,1435000,511,New Customers
1577,217,0,1399500,511,New Customers
1578,1318,0,420000,311,About to Sleep
1579,2282,0,75000,111,Lost
1580,1221,19,1404500,311,About to Sleep
1581,2294,0,100000,111,Lost
1582,796,0,288000,411,Hibernating
1583,2057,0,150000,111,Lost
1584,1537,0,200000,211,Hibernating
1585,2293,0,50000,111,Lost
1586,808,0,448000,411,Hibernating
1587,1262,0,232000,311,About to Sleep
1588,2213,34,265000,111,Lost
1589,968,0,1856500,411,Hibernating
1590,34,440,2095500,531,Potential Loyalists
1591,1318,0,520000,311,About to Sleep
1592,1572,0,180000,211,Hibernating
1593,31,29,4038250,512,New Customers
1594,2293,0,100000,111,Lost
1595,1795,0,96000,211,Hibernating
1596,1401,0,200000,311,About to Sleep
1597,1377,0,200000,311,About to Sleep
1598,1344,3,522000,311,About to Sleep
1599,1211,0,408000,311,About to Sleep
1600,1884,77,240000,211,Hibernating
1601,447,0,795000,511,New Customers
1602,1510,267,400000,321,About to Sleep
1603,15,0,1148000,511,New Customers
1604,1630,0,180000,211,Hibernating
1605,751,0,460000,411,Hibernating
1606,179,55,9656000,512,New Customers
1607,1006,0,476000,411,Hibernating
1608,730,0,1795000,411,Hibernating
1609,2292,0,100000,111,Lost
1610,2289,0,450000,111,Lost
1611,57,91,4360000,512,New Customers
1612,1055,82,1431000,311,About to Sleep
1613,2253,0,200000,111,Lost
1614,811,0,760000,411,Hibernating
1615,2287,2,175000,111,Lost
1616,73,0,1259000,511,New Customers
1617,631,319,1081500,421,Potential Loyalists
1618,180,0,950000,511,New Customers
1619,775,0,420000,411,Hibernating
1620,1082,131,532000,321,About to Sleep
1621,2173,26,200000,111,Lost
1622,499,3,17057500,413,Hibernating
1623,1312,0,144000,311,About to Sleep
1624,828,0,345000,411,Hibernating
1625,1953,169,270000,221,At Risk
1626,993,24,3500000,411,Hibernating
1627,2290,0,90000,111,Lost
1628,2290,0,100000,111,Lost
1629,2224,0,100000,111,Lost
1630,1433,0,1660000,311,About to Sleep
1631,761,0,560000,411,Hibernating
1632,1226,0,240000,311,About to Sleep
1633,2279,11,200000,111,Lost
1634,336,1885,1145000,551,Champions
1635,2290,0,75000,111,Lost
1636,2278,0,70000,111,Lost
1637,216,35,6563500,512,New Customers
1638,1657,0,200000,211,Hibernating
1639,936,11,1678000,411,Hibernating
1640,1778,0,150000,211,Hibernating
1641,2105,0,300000,111,Lost
1642,2289,0,150000,111,Lost
1643,1381,0,200000,311,About to Sleep
1644,1109,23,910000,311,About to Sleep
1645,14,8,5090000,512,New Customers
1646,2288,0,75000,111,Lost
1647,1451,160,545000,321,About to Sleep
1648,908,1380,498000,451,Loyal Customers
1649,2278,10,150000,111,Lost
1650,2288,0,100000,111,Lost
1651,1394,0,200000,311,About to Sleep
1652,141,562,1581500,531,Potential Loyalists
1653,1512,344,370000,321,About to Sleep
1654,1894,0,120000,211,Hibernating
1655,858,0,345000,411,Hibernating
1656,2287,0,70000,111,Lost
1657,2287,0,70000,111,Lost
1658,2190,0,100000,111,Lost
1659,1353,0,192000,311,About to Sleep
1660,1841,0,120000,211,Hibernating
1661,2286,0,100000,111,Lost
1662,52,0,2090000,511,New Customers
1663,1360,0,520000,311,About to Sleep
1664,712,0,715500,411,Hibernating
1665,2287,0,100000,111,Lost
1666,2138,0,100000,111,Lost
1667,735,1551,470000,451,Loyal Customers
1668,870,6,1566000,411,Hibernating
1669,2286,0,100000,111,Lost
1670,489,457,1639000,531,Potential Loyalists
1671,2259,0,75000,111,Lost
1672,2276,0,100000,111,Lost
1673,345,20,9060500,512,New Customers
1674,1068,0,0,311,About to Sleep
1675,121,0,1195000,511,New Customers
1676,2259,0,100000,111,Lost
1677,928,0,460000,411,Hibernating
1678,1174,0,290000,311,About to Sleep
1679,1788,4,5036000,212,Hibernating
1680,31,0,1195000,511,New Customers
1681,282,61,2970000,511,New Customers
1682,1460,0,200000,311,About to Sleep
1683,1186,0,290000,311,About to Sleep
1684,2282,0,100000,111,Lost
1685,2283,0,175000,111,Lost
1686,2282,1,200000,111,Lost
1687,792,43,4520500,412,Hibernating
1688,708,302,714000,421,Potential Loyalists
1689,1337,811,340000,341,Need Attention
1690,855,1427,550000,451,Loyal Customers
1691,182,46,4093000,512,New Customers
1692,1361,0,1290000,311,About to Sleep
1693,1020,0,288000,411,Hibernating
1694,116,34,6991000,512,New Customers
1695,2038,0,100000,111,Lost
1696,1693,0,150000,211,Hibernating
1697,1796,0,120000,211,Hibernating
1698,2280,0,100000,111,Lost
1699,2281,0,90000,111,Lost
1700,412,32,8343500,512,New Customers
1701,2279,0,100000,111,Lost
1702,1723,0,135000,211,Hibernating
1703,1981,293,210000,221,At Risk
1704,986,15,920000,411,Hibernating
1705,622,0,535000,411,Hibernating
1706,259,0,1195000,511,New Customers
1707,176,992,1561500,541,Loyal Customers
1708,2260,0,90000,111,Lost
1709,160,5,5540000,512,New Customers
1710,273,38,5420000,512,New Customers
1711,55,119,6293000,522,Potential Loyalists
1712,493,5,6785000,512,New Customers
1713,1015,32,2571500,411,Hibernating
1714,2280,0,100000,111,Lost
1715,2281,0,75000,111,Lost
1716,2280,0,75000,111,Lost
1717,989,77,1237000,411,Hibernating
1718,2280,0,100000,111,Lost
1719,710,8,1275000,411,Hibernating
1720,360,214,2945000,521,Potential Loyalists
1721,1794,478,225000,231,At Risk
1722,2280,0,100000,111,Lost
1723,222,0,1195000,511,New Customers
1724,1456,39,560000,311,About to Sleep
1725,4,32,20455000,513,New Customers
1726,2,34,7635000,512,New Customers
1727,2257,0,90000,111,Lost
1728,2279,0,75000,111,Lost
1729,1307,0,420000,311,About to Sleep
1730,2155,2,1000000,111,Lost
1731,740,35,3555000,411,Hibernating
1732,2278,0,70000,111,Lost
1733,2278,0,75000,111,Lost
1734,862,0,2986000,411,Hibernating
1735,423,0,695000,511,New Customers
1736,1239,0,192000,311,About to Sleep
1737,2277,0,75000,111,Lost
1738,36,1174,2093000,541,Loyal Customers
1739,587,18,6947000,412,Hibernating
1740,1132,0,357000,311,About to Sleep
1741,839,80,820000,411,Hibernating
1742,2025,70,450000,211,Hibernating
1743,393,241,1539000,521,Potential Loyalists
1744,700,0,495000,411,Hibernating
1745,523,57,3595000,411,Hibernating
1746,2277,0,90000,111,Lost
1747,2277,0,50000,111,Lost
1748,1072,120,660000,321,About to Sleep
1749,2276,0,75000,111,Lost
1750,1560,0,180000,211,Hibernating
1751,2276,0,90000,111,Lost
1752,696,0,495000,411,Hibernating
1753,2183,0,350000,111,Lost
1754,300,6,5470000,512,New Customers
1755,1083,0,260000,311,About to Sleep
1756,864,42,2442000,411,Hibernating
1757,1430,0,324000,311,About to Sleep
1758,2276,0,90000,111,Lost
1759,2276,0,60000,111,Lost
1760,2275,0,100000,111,Lost
1761,806,4,2475000,411,Hibernating
1762,2128,1,840000,111,Lost
1763,2275,0,75000,111,Lost
1764,2275,0,180000,111,Lost
1765,2275,0,75000,111,Lost
1766,2275,0,75000,111,Lost
1767,1521,15,1280000,311,About to Sleep
1768,2275,0,75000,111,Lost
1769,2275,0,100000,111,Lost
1770,2275,0,75000,111,Lost
1771,1371,97,350000,311,About to Sleep
1772,1742,62,791000,211,Hibernating
1773,2273,0,100000,111,Lost
1774,2270,0,225000,111,Lost
1775,1160,0,246500,311,About to Sleep
1776,2274,0,75000,111,Lost
1777,1800,237,295000,221,At Risk
1778,2274,0,75000,111,Lost
1779,979,26,666000,411,Hibernating
1780,946,89,581000,411,Hibernating
1781,901,0,460000,411,Hibernating
1782,885,7,2125000,411,Hibernating
1783,2274,0,75000,111,Lost
1784,2274,0,100000,111,Lost
1785,2274,0,75000,111,Lost
1786,2274,0,75000,111,Lost
1787,2274,0,75000,111,Lost
1788,707,28,1515000,411,Hibernating
1789,78,0,1389000,511,New Customers
1790,908,3,720000,411,Hibernating
1791,422,92,2795000,511,New Customers
1792,2273,0,75000,111,Lost
1793,2273,0,100000,111,Lost
1794,2273,0,100000,111,Lost
1795,1210,0,246500,311,About to Sleep
1796,2273,0,75000,111,Lost
1797,1449,0,180000,311,About to Sleep
1798,123,0,1435000,511,New Customers
1799,2273,0,75000,111,Lost
1800,111,0,1435000,511,New Customers
1801,908,24,808000,411,Hibernating
1802,273,588,1595000,531,Potential Loyalists
1803,165,11,10205000,512,New Customers
1804,555,0,795000,411,Hibernating
1805,1348,0,232000,311,About to Sleep
1806,2272,0,100000,111,Lost
1807,2272,0,100000,111,Lost
1808,2272,0,75000,111,Lost
1809,2272,0,75000,111,Lost
1810,2272,0,100000,111,Lost
1811,2272,0,75000,111,Lost
1812,2272,0,50000,111,Lost
1813,2272,0,100000,111,Lost
1814,2269,0,300000,111,Lost
1815,759,318,1415000,421,Potential Loyalists
1816,2266,0,75000,111,Lost
1817,46,3,8849000,512,New Customers
1818,2264,6,150000,111,Lost
1819,2271,0,75000,111,Lost
1820,910,0,448000,411,Hibernating
1821,199,2071,1535000,551,Champions
1822,2270,0,75000,111,Lost
1823,2270,0,75000,111,Lost
1824,970,307,1486000,421,Potential Loyalists
1825,2270,0,100000,111,Lost
1826,959,0,360000,411,Hibernating
1827,1105,165,680000,321,About to Sleep
1828,713,0,495000,411,Hibernating
1829,2270,0,200000,111,Lost
1830,2270,0,75000,111,Lost
1831,750,73,3821000,412,Hibernating
1832,2270,0,100000,111,Lost
1833,784,1,920000,411,Hibernating
1834,752,431,848000,431,Potential Loyalists
1835,1068,79,0,311,About to Sleep
1836,1400,0,250000,311,About to Sleep
1837,1352,0,192000,311,About to Sleep
1838,684,788,965000,441,Loyal Customers
1839,391,0,595000,511,New Customers
1840,1723,0,350000,211,Hibernating
1841,2268,0,90000,111,Lost
1842,2269,0,100000,111,Lost
1843,2197,36,300000,111,Lost
1844,2269,0,75000,111,Lost
1845,2268,1,350000,111,Lost
1846,2199,70,175000,111,Lost
1847,310,0,1195000,511,New Customers
1848,2269,0,75000,111,Lost
1849,2269,0,100000,111,Lost
1850,617,132,1121500,421,Potential Loyalists
1851,2269,0,100000,111,Lost
1852,800,391,548000,431,Potential Loyalists
1853,2269,0,75000,111,Lost
1854,26,0,1195000,511,New Customers
1855,1226,152,1365000,321,About to Sleep
1856,1591,148,900000,221,At Risk
1857,919,24,2727000,411,Hibernating
1858,2183,0,100000,111,Lost
1859,799,40,3842000,412,Hibernating
1860,1383,16,920000,311,About to Sleep
1861,339,27,1760500,511,New Customers
1862,269,0,1315000,511,New Customers
1863,2268,0,75000,111,Lost
1864,2268,0,90000,111,Lost
1865,2268,0,75000,111,Lost
1866,2268,0,0,111,Lost
1867,2268,0,75000,111,Lost
1868,1873,45,270000,211,Hibernating
1869,270,14,4324500,512,New Customers
1870,84,378,1985000,531,Potential Loyalists
1871,501,0,695000,411,Hibernating
1872,1358,337,470000,321,About to Sleep
1873,1259,0,192000,311,About to Sleep
1874,888,0,495000,411,Hibernating
1875,832,0,460000,411,Hibernating
1876,2267,0,75000,111,Lost
1877,2267,0,75000,111,Lost
1878,593,41,4883500,412,Hibernating
1879,1066,0,520000,311,About to Sleep
1880,2267,0,100000,111,Lost
1881,893,319,1456000,421,Potential Loyalists
1882,427,564,1926000,531,Potential Loyalists
1883,2266,0,100000,111,Lost
1884,1003,0,560000,411,Hibernating
1885,1195,44,522000,311,About to Sleep
1886,2266,0,75000,111,Lost
1887,2266,0,75000,111,Lost
1888,2265,0,255000,111,Lost
1889,915,0,420000,411,Hibernating
1890,1304,0,232000,311,About to Sleep
1891,2265,0,75000,111,Lost
1892,2265,0,90000,111,Lost
1893,185,61,3940500,512,New Customers
1894,2261,4,145000,111,Lost
1895,2265,0,150000,111,Lost
1896,61,14,3943000,512,New Customers
1897,602,149,1400000,421,Potential Loyalists
1898,2263,0,75000,111,Lost
1899,434,45,4727500,512,New Customers
1900,2264,0,70000,111,Lost
1901,2264,0,70000,111,Lost
1902,19,47,10370000,512,New Customers
1903,2263,0,75000,111,Lost
1904,2165,7,200000,111,Lost
1905,2263,0,75000,111,Lost
1906,2263,0,75000,111,Lost
1907,2263,0,90000,111,Lost
1908,838,713,536000,441,Loyal Customers
1909,2263,0,100000,111,Lost
1910,1484,35,900000,311,About to Sleep
1911,2263,0,70000,111,Lost
1912,1233,0,290000,311,About to Sleep
1913,784,41,3337000,411,Hibernating
1914,1790,0,120000,211,Hibernating
1915,2209,0,90000,111,Lost
1916,973,0,391000,411,Hibernating
1917,1436,0,180000,311,About to Sleep
1918,1012,0,460000,411,Hibernating
1919,2117,0,250000,111,Lost
1920,2262,0,50000,111,Lost
1921,2262,0,75000,111,Lost
1922,795,835,874000,441,Loyal Customers
1923,554,0,1410500,411,Hibernating
1924,2262,0,75000,111,Lost
1925,2262,0,75000,111,Lost
1926,1905,18,640000,211,Hibernating
1927,2262,0,100000,111,Lost
1928,1841,211,270000,221,At Risk
1929,2261,0,75000,111,Lost
1930,2240,7,550000,111,Lost
1931,269,0,1430000,511,New Customers
1932,972,0,288000,411,Hibernating
1933,1625,0,225000,211,Hibernating
1934,945,0,360000,411,Hibernating
1935,106,105,6952000,512,New Customers
1936,592,383,1055000,431,Potential Loyalists
1937,2097,0,100000,111,Lost
1938,2262,0,75000,111,Lost
1939,243,31,5110000,512,New Customers
1940,1321,471,615000,331,Need Attention
1941,2260,1,150000,111,Lost
1942,1434,0,250000,311,About to Sleep
1943,1231,23,580000,311,About to Sleep
1944,1787,0,160000,211,Hibernating
1945,879,0,360000,411,Hibernating
1946,2261,0,0,111,Lost
1947,2066,0,100000,111,Lost
1948,2261,0,75000,111,Lost
1949,2261,0,190000,111,Lost
1950,555,498,866000,431,Potential Loyalists
1951,1742,27,310000,211,Hibernating
1952,2261,0,75000,111,Lost
1953,1837,86,650000,211,Hibernating
1954,835,0,890000,411,Hibernating
1955,836,0,270000,411,Hibernating
1956,55,0,1435000,511,New Customers
1957,2259,1,125000,111,Lost
1958,462,0,695000,511,New Customers
1959,1446,0,200000,311,About to Sleep
1960,470,83,1739000,511,New Customers
1961,295,14,9881500,512,New Customers
1962,2260,0,165000,111,Lost
1963,2260,0,100000,111,Lost
1964,393,0,1390000,511,New Customers
1965,2011,0,100000,211,Hibernating
1966,2260,0,75000,111,Lost
1967,2260,0,60000,111,Lost
1968,72,0,1195000,511,New Customers
1969,305,13,3665000,511,New Customers
1970,83,89,8635000,512,New Customers
1971,736,29,6320000,412,Hibernating
1972,762,8,4909000,412,Hibernating
1973,1564,0,225000,211,Hibernating
1974,1802,0,120000,211,Hibernating
1975,384,82,4483500,512,New Customers
1976,2260,0,90000,111,Lost
1977,2260,0,75000,111,Lost
1978,1723,536,250000,231,At Risk
1979,735,340,1505000,421,Potential Loyalists
1980,1957,0,120000,211,Hibernating
1981,63,19,3842000,512,New Customers
1982,92,88,4494000,512,New Customers
1983,96,0,1075500,511,New Customers
1984,2246,7,300000,111,Lost
1985,262,34,14340000,513,New Customers
1986,1334,0,192000,311,About to Sleep
1987,2255,2,210000,111,Lost
1988,1026,54,296000,411,Hibernating
1989,24,0,1555000,511,New Customers
1990,2065,0,100000,111,Lost
1991,2206,51,175000,111,Lost
1992,73,32,16818000,513,New Customers
1993,1947,156,390000,221,At Risk
1994,2258,0,75000,111,Lost
1995,245,11,2625000,511,New Customers
1996,9,28,7805500,512,New Customers
1997,1803,455,220000,231,At Risk
1998,2258,0,135000,111,Lost
1999,2067,0,100000,111,Lost
